{"cameraMode":{"drawMode":0,"name":"Shaded","section":"Shading Mode"},"sceneLighting":true,"audioPlay":false,"sceneViewState":{"showFog":true,"showMaterialUpdate":false,"showSkybox":true,"showFlares":true,"showImageEffects":true,"showParticleSystems":true},"in2DMode":false,"pivot":{"x":2.5175693035125734,"y":-3.347677230834961,"z":14.966814041137696},"rotation":{"x":0.27727338671684267,"y":-0.6385199427604675,"z":0.265367716550827,"w":0.6671047806739807},"size":2.5658199787139894,"orthographic":false}